{
    "images": [
        {
            "height": 600,
            "width": 800,
            "id": 0,
            "file_name": "1.jpg"
        }
    ],
    "categories": [
        {
            "supercategory": "cricket_bat",
            "id": 1,
            "name": "cricket_bat"
        }
    ],
    "annotations": [
        {
            "iscrowd": 0,
            "image_id": 0,
            "bbox": [
                100.0,
                0.0,
                60.0,
                210.0
            ],
            "category_id": 1,
            "id": 1
        }
    ]
}
